Designator,Val,Package,Mid X,Mid Y,Rotation,Layer
C1,47nF,C_0603_1608Metric,151.400000,-124.700000,90.000000,top
C2,47nF,C_0603_1608Metric,153.400000,-124.700000,270.000000,top
C3,47nF,C_0603_1608Metric,151.750000,-147.250000,90.000000,top
C4,47nF,C_0603_1608Metric,153.300000,-147.250000,270.000000,top
C5,47nF,C_0603_1608Metric,151.750000,-175.850000,90.000000,top
C6,47nF,C_0603_1608Metric,153.300000,-175.850000,270.000000,top
C7,47nF,C_0603_1608Metric,151.710000,-197.830000,90.000000,top
C8,47nF,C_0603_1608Metric,153.260000,-197.830000,270.000000,top
C9,47nF,C_0603_1608Metric,151.750000,-219.700000,90.000000,top
C10,47nF,C_0603_1608Metric,153.300000,-219.700000,270.000000,top
C11,47nF,C_0603_1608Metric,151.700000,-248.800000,90.000000,top
C12,47nF,C_0603_1608Metric,153.250000,-248.800000,270.000000,top
C13,47nF,C_0603_1608Metric,143.475000,-261.025000,180.000000,top
C14,47nF,C_0603_1608Metric,143.487500,-259.475000,0.000000,top
C15,100nF,C_0402_1005Metric,388.500000,-113.900000,270.000000,top
C16,1uF,C_0402_1005Metric,268.400000,-170.400000,270.000000,top
C17,100nF,C_0402_1005Metric,269.400000,-170.420000,270.000000,top
C18,1uF,C_0402_1005Metric,313.200000,-229.950000,180.000000,top
C19,47nF,C_0603_1608Metric,191.500000,-218.950000,180.000000,top
C20,47nF,C_0603_1608Metric,191.500000,-217.400000,0.000000,top
C21,47nF,C_0603_1608Metric,192.100000,-163.150000,0.000000,top
C22,47nF,C_0603_1608Metric,192.100000,-161.400000,180.000000,top
C23,47nF,C_0603_1608Metric,244.700000,-134.650000,180.000000,top
C24,47nF,C_0603_1608Metric,244.700000,-133.100000,0.000000,top
C25,47nF,C_0603_1608Metric,235.740000,-177.050000,90.000000,top
C26,47nF,C_0603_1608Metric,237.260000,-177.050000,270.000000,top
C27,47nF,C_0603_1608Metric,235.740000,-259.760000,90.000000,top
C28,47nF,C_0603_1608Metric,237.270000,-259.760000,270.000000,top
C29,47nF,C_0603_1608Metric,249.275000,-168.900000,270.000000,top
C30,47nF,C_0603_1608Metric,250.540000,-228.750000,270.000000,top
C31,47nF,C_0603_1608Metric,247.750000,-168.900000,90.000000,top
C32,47nF,C_0603_1608Metric,249.010000,-228.750000,90.000000,top
C33,47nF,C_0603_1608Metric,273.275000,-135.800000,90.000000,top
C34,47nF,C_0603_1608Metric,273.250000,-197.850000,270.000000,top
C35,47nF,C_0603_1608Metric,264.860000,-258.740000,270.000000,top
C36,47nF,C_0603_1608Metric,271.750000,-135.800000,270.000000,top
C37,47nF,C_0603_1608Metric,271.730000,-197.850000,90.000000,top
C38,47nF,C_0603_1608Metric,263.330000,-258.740000,90.000000,top
C39,47nF,C_0603_1608Metric,273.275000,-146.200000,270.000000,top
C40,47nF,C_0603_1608Metric,273.260000,-228.360000,270.000000,top
C41,47nF,C_0603_1608Metric,271.750000,-146.200000,90.000000,top
C42,47nF,C_0603_1608Metric,271.730000,-228.360000,90.000000,top
C43,47nF,C_0603_1608Metric,299.750000,-146.200000,270.000000,top
C44,47nF,C_0603_1608Metric,297.290000,-229.360000,270.000000,top
C45,47nF,C_0603_1608Metric,298.230000,-146.200000,90.000000,top
C46,47nF,C_0603_1608Metric,295.770000,-229.357500,90.000000,top
C47,47nF,C_0603_1608Metric,308.275000,-135.775000,270.000000,top
C48,47nF,C_0603_1608Metric,308.310000,-197.750000,270.000000,top
C49,47nF,C_0603_1608Metric,306.750000,-135.775000,90.000000,top
C50,47nF,C_0603_1608Metric,306.790000,-197.750000,90.000000,top
C51,47nF,C_0603_1608Metric,318.780000,-146.200000,270.000000,top
C52,47nF,C_0603_1608Metric,321.260000,-228.770000,270.000000,top
C53,47nF,C_0603_1608Metric,317.260000,-146.200000,90.000000,top
C54,47nF,C_0603_1608Metric,319.740000,-228.767500,90.000000,top
C55,47nF,C_0603_1608Metric,379.785000,-177.407500,90.000000,top
C56,47nF,C_0603_1608Metric,381.315000,-177.410000,270.000000,top
C57,47nF,C_0603_1608Metric,355.730000,-248.845000,90.000000,top
C58,47nF,C_0603_1608Metric,359.400000,-126.200000,270.000000,top
C59,47nF,C_0603_1608Metric,357.280000,-248.845000,270.000000,top
C60,47nF,C_0603_1608Metric,353.400000,-125.987500,90.000000,top
C61,47nF,C_0603_1608Metric,404.000000,-216.075000,0.000000,top
C62,47nF,C_0603_1608Metric,379.740000,-248.767500,90.000000,top
C63,47nF,C_0603_1608Metric,404.000000,-217.595000,180.000000,top
C64,47nF,C_0603_1608Metric,388.100000,-142.400000,90.000000,top
C65,47nF,C_0603_1608Metric,381.270000,-248.770000,270.000000,top
C66,47nF,C_0603_1608Metric,372.100000,-140.950000,0.000000,top
C67,47nF,C_0603_1608Metric,416.275000,-219.760000,270.000000,top
C68,47nF,C_0603_1608Metric,414.745000,-219.760000,90.000000,top
C69,47nF,C_0603_1608Metric,406.295000,-248.795000,90.000000,top
C70,47nF,C_0603_1608Metric,414.700000,-142.600000,0.000000,top
C71,47nF,C_0603_1608Metric,436.345000,-219.780000,270.000000,top
C72,47nF,C_0603_1608Metric,407.825000,-248.795000,270.000000,top
C73,47nF,C_0603_1608Metric,396.890000,-142.400000,270.000000,top
C74,47nF,C_0603_1608Metric,434.805000,-219.780000,90.000000,top
C75,47nF,C_0603_1608Metric,427.720000,-248.770000,90.000000,top
C76,47nF,C_0603_1608Metric,433.750000,-144.750000,180.000000,top
C77,47nF,C_0603_1608Metric,429.250000,-248.770000,270.000000,top
C78,47nF,C_0603_1608Metric,420.700000,-142.300000,90.000000,top
C79,47nF,C_0603_1608Metric,460.610000,-220.365000,0.000000,top
C80,47nF,C_0603_1608Metric,460.610000,-221.895000,180.000000,top
C81,100nF,C_0402_1005Metric,145.900000,-126.300000,0.000000,top
C82,10uF,C_0603_1608Metric,145.700000,-124.700000,0.000000,top
C83,100nF,C_0402_1005Metric,133.400000,-126.000000,90.000000,top
C84,10uF,C_0603_1608Metric,134.440000,-129.300000,180.000000,top
C85,12pF,C_0402_1005Metric,327.170000,-197.800000,180.000000,top
C86,4.7uF,C_0805_2012Metric,331.100000,-191.900000,180.000000,top
C87,100nF,C_0402_1005Metric,335.100000,-191.200000,0.000000,top
C88,12pF,C_0402_1005Metric,327.275000,-203.375000,180.000000,top
C89,100nF,C_0402_1005Metric,335.725000,-211.150000,90.000000,top
C90,10u,C_1206_3216Metric,360.200000,-110.500000,90.000000,top
C91,100nF,C_0402_1005Metric,329.995000,-204.100000,180.000000,top
C92,100nF,C_0402_1005Metric,331.250000,-198.450000,90.000000,top
C93,10nF,C_0805_2012Metric,359.000000,-119.400000,270.000000,top
C94,100nF,C_0402_1005Metric,349.800000,-193.800000,0.000000,top
C95,2.2uF,C_0603_1608Metric,348.875000,-210.500000,0.000000,top
C96,100nF,C_0402_1005Metric,144.000000,-191.300000,0.000000,top
C97,10uF,C_0603_1608Metric,143.925000,-192.675000,0.000000,top
C98,100nF,C_0402_1005Metric,340.900000,-185.080000,270.000000,top
C99,2.2uF,C_0603_1608Metric,352.350000,-196.075000,0.000000,top
C100,100nF,C_0402_1005Metric,349.275000,-209.200000,0.000000,top
C101,100nF,C_0402_1005Metric,134.100000,-195.650000,270.000000,top
C102,10uF,C_0603_1608Metric,132.800000,-195.650000,270.000000,top
C103,10uF,C_1206_3216Metric,328.600000,-207.125000,180.000000,top
C104,100nF,C_0402_1005Metric,134.500000,-136.720000,270.000000,top
C105,100nF,C_0402_1005Metric,137.000000,-204.950000,0.000000,top
C106,10nF,C_0402_1005Metric,330.000000,-205.425000,180.000000,top
C107,100nF,C_0402_1005Metric,133.000000,-131.150000,90.000000,top
C108,100nF,C_0402_1005Metric,132.500000,-199.650000,90.000000,top
C109,100nF,C_0402_1005Metric,240.930000,-263.050000,180.000000,top
C110,100nF,C_0402_1005Metric,240.930000,-264.100000,180.000000,top
C111,100nF,C_0402_1005Metric,461.800000,-159.400000,180.000000,top
C112,100nF,C_0402_1005Metric,466.800000,-174.300000,270.000000,top
C113,100nF,C_0402_1005Metric,466.800000,-222.800000,270.000000,top
C114,100nF,C_0402_1005Metric,472.800000,-160.820000,0.000000,top
C115,100nF,C_0402_1005Metric,467.700000,-166.400000,180.000000,top
C116,100nF,C_0402_1005Metric,472.320000,-215.000000,0.000000,top
C117,100nF,C_0402_1005Metric,178.510000,-199.550000,0.000000,top
C118,100nF,C_0402_1005Metric,178.200000,-168.100000,0.000000,top
C119,100nF,C_0402_1005Metric,168.000000,-219.125000,0.000000,top
C120,100nF,C_0402_1005Metric,188.600000,-178.635000,0.000000,top
C121,100nF,C_0402_1005Metric,185.200000,-210.025000,0.000000,top
C122,100nF,C_0402_1005Metric,175.800000,-229.620000,0.000000,top
C123,100nF,C_0402_1005Metric,256.425000,-128.950000,0.000000,top
C124,100nF,C_0402_1005Metric,292.410000,-190.030000,0.000000,top
C125,100nF,C_0402_1005Metric,265.200000,-139.525000,0.000000,top
C126,100nF,C_0402_1005Metric,299.300000,-200.500000,0.000000,top
C127,100nF,C_0402_1005Metric,286.575000,-133.200000,0.000000,top
C128,100nF,C_0402_1005Metric,262.365000,-226.840000,0.000000,top
C129,100nF,C_0402_1005Metric,291.000000,-144.860000,0.000000,top
C130,100nF,C_0402_1005Metric,269.650000,-237.335000,0.000000,top
C131,100nF,C_0402_1005Metric,220.840000,-226.740000,0.000000,top
C132,100nF,C_0402_1005Metric,228.600000,-237.220000,0.000000,top
C133,100nF,C_0402_1005Metric,349.630000,-145.120000,0.000000,top
C134,100nF,C_0402_1005Metric,382.400000,-211.550000,0.000000,top
C135,100nF,C_0402_1005Metric,389.800000,-221.700000,0.000000,top
C136,100nF,C_0402_1005Metric,355.800000,-155.610000,0.000000,top
C137,100nF,C_0402_1005Metric,460.450000,-235.050000,0.000000,top
C138,100nF,C_0402_1005Metric,466.250000,-245.550000,0.000000,top
C139,47nF,C_0603_1608Metric,177.050000,-161.150000,270.000000,top
C140,47nF,C_0603_1608Metric,175.500000,-161.150000,90.000000,top
C141,100nF,C_0402_1005Metric,313.200000,-230.950000,180.000000,top
C142,1uF,C_0402_1005Metric,441.500000,-163.550000,180.000000,top
C143,100nF,C_0402_1005Metric,441.500000,-162.550000,180.000000,top
C144,1uF,C_0402_1005Metric,446.400000,-218.250000,180.000000,top
C145,100nF,C_0402_1005Metric,446.410000,-219.260000,180.000000,top
C146,1uF,C_0402_1005Metric,185.500000,-226.700000,180.000000,top
C147,100nF,C_0402_1005Metric,185.500000,-227.700000,180.000000,top
C148,1uF,C_0402_1005Metric,189.300000,-184.300000,180.000000,top
C149,100nF,C_0402_1005Metric,189.300000,-185.300000,180.000000,top
C150,100nF,C_0402_1005Metric,269.400000,-167.300000,270.000000,top
C151,100nF,C_0402_1005Metric,317.700000,-233.000000,180.000000,top
C152,1uF,C_0402_1005Metric,188.650000,-108.850000,180.000000,top
C153,100nF,C_0402_1005Metric,188.650000,-107.850000,180.000000,top
C154,100nF,C_0402_1005Metric,447.450000,-163.600000,90.000000,top
C155,100nF,C_0402_1005Metric,449.200000,-218.250000,180.000000,top
C156,100nF,C_0402_1005Metric,192.100000,-231.600000,180.000000,top
C157,100nF,C_0402_1005Metric,195.300000,-190.200000,180.000000,top
C158,100nF,C_0402_1005Metric,190.750000,-107.850000,180.000000,top
C159,1uF,C_0402_1005Metric,424.800000,-158.020000,90.000000,top
C160,100nF,C_0402_1005Metric,423.800000,-158.000000,90.000000,top
C161,1uF,C_0402_1005Metric,417.850000,-245.450000,180.000000,top
C162,100nF,C_0402_1005Metric,417.850000,-246.450000,180.000000,top
C163,1uF,C_0402_1005Metric,313.650000,-179.000000,270.000000,top
C164,100nF,C_0402_1005Metric,226.700000,-210.400000,180.000000,top
C165,100nF,C_0402_1005Metric,314.650000,-179.000000,270.000000,top
C166,1uF,C_0402_1005Metric,211.300000,-159.200000,270.000000,top
C167,1uF,C_0402_1005Metric,228.800000,-210.400000,180.000000,top
C168,100nF,C_0402_1005Metric,212.300000,-159.200000,270.000000,top
C169,100nF,C_0402_1005Metric,423.800000,-160.750000,90.000000,top
C170,10nF,C_0402_1005Metric,378.300000,-269.100000,0.000000,top
C171,100nF,C_0402_1005Metric,422.000000,-247.650000,180.000000,top
C172,100nF,C_0402_1005Metric,314.650000,-175.050000,270.000000,top
C173,10uF,C_1206_3216Metric,349.200000,-117.700000,270.000000,top
C174,10uF,C_1206_3216Metric,346.380000,-117.670000,270.000000,top
C175,10uF,C_1206_3216Metric,322.500000,-115.300000,0.000000,top
C176,10uF,C_1206_3216Metric,470.825000,-115.000000,180.000000,top
C177,10nF,C_0805_2012Metric,313.600000,-114.400000,180.000000,top
C178,10nF,C_0402_1005Metric,471.520000,-116.900000,180.000000,top
C179,10uF,C_1206_3216Metric,308.900000,-109.100000,270.000000,top
C180,10uF,C_1206_3216Metric,311.700000,-109.100000,270.000000,top
C181,100nF,C_0402_1005Metric,388.075000,-99.650000,270.000000,top
C182,100nF,C_0402_1005Metric,388.075000,-84.300000,270.000000,top
C183,100nF,C_0402_1005Metric,364.625000,-99.600000,270.000000,top
C184,100nF,C_0402_1005Metric,364.675000,-84.250000,270.000000,top
C185,100nF,C_0402_1005Metric,355.275000,-99.600000,270.000000,top
C186,100nF,C_0402_1005Metric,355.275000,-84.300000,270.000000,top
C187,100nF,C_0402_1005Metric,211.900000,-156.800000,0.000000,top
C188,1uF,C_0402_1005Metric,279.850000,-260.000000,270.000000,top
C189,560pF,C_0402_1005Metric,375.800000,-101.100000,270.000000,top
C190,560pF,C_0402_1005Metric,376.800000,-101.100000,270.000000,top
C191,560pF,C_0402_1005Metric,376.800000,-83.100000,270.000000,top
C192,560pF,C_0402_1005Metric,375.800000,-83.100000,270.000000,top
C193,560pF,C_0402_1005Metric,343.800000,-101.080000,270.000000,top
C194,560pF,C_0402_1005Metric,344.800000,-101.080000,270.000000,top
C195,100nF,C_0402_1005Metric,280.850000,-260.000000,270.000000,top
C196,1uF,C_0402_1005Metric,367.080000,-217.060000,0.000000,top
C197,100pF,C_0402_1005Metric,361.675000,-101.250000,180.000000,top
C198,100pF,C_0402_1005Metric,367.475000,-101.250000,0.000000,top
C199,100pF,C_0402_1005Metric,367.475000,-82.650000,0.000000,top
C200,100pF,C_0402_1005Metric,361.775000,-82.650000,180.000000,top
C201,100pF,C_0402_1005Metric,358.275000,-82.650000,0.000000,top
C202,100pF,C_0402_1005Metric,352.375000,-82.650000,180.000000,top
C203,100nF,C_0402_1005Metric,367.080000,-216.040000,0.000000,top
C204,1uF,C_0402_1005Metric,265.850000,-199.650000,90.000000,top
C205,100nF,C_0402_1005Metric,369.875000,-89.250000,270.000000,top
C206,100nF,C_0402_1005Metric,381.975000,-88.750000,0.000000,top
C207,100nF,C_0402_1005Metric,339.800000,-84.300000,270.000000,top
C208,100nF,C_0402_1005Metric,350.075000,-89.250000,90.000000,top
C209,100nF,C_0402_1005Metric,382.650000,-154.700000,0.000000,top
C210,1uF,C_0402_1005Metric,382.670000,-153.600000,180.000000,top
C211,100nF,C_0402_1005Metric,338.450000,-94.800000,90.000000,top
C212,100nF,C_0402_1005Metric,333.000000,-97.320000,270.000000,top
C213,100nF,C_0402_1005Metric,264.850000,-199.650000,90.000000,top
C214,1uF,C_0402_1005Metric,378.550000,-172.400000,90.000000,top
C215,100nF,C_0402_1005Metric,377.550000,-172.400000,90.000000,top
C216,100nF,C_0402_1005Metric,279.850000,-256.100000,270.000000,top
C217,100nF,C_0402_1005Metric,364.380000,-218.150000,0.000000,top
C218,100nF,C_0402_1005Metric,264.800000,-202.700000,90.000000,top
C219,100nF,C_0402_1005Metric,375.000000,-175.000000,90.000000,top
C220,1uF,C_0402_1005Metric,189.600000,-126.750000,180.000000,top
C221,100nF,C_0402_1005Metric,189.600000,-127.750000,180.000000,top
C222,100nF,C_0402_1005Metric,192.980000,-127.400000,180.000000,top
C223,1uF,C_0402_1005Metric,211.600000,-254.100000,180.000000,top
C224,100nF,C_0402_1005Metric,211.600000,-255.100000,180.000000,top
C225,100nF,C_0402_1005Metric,214.450000,-254.100000,180.000000,top
C226,100nF,C_0402_1005Metric,324.000000,-264.000000,0.000000,top
C227,100nF,C_0402_1005Metric,463.650000,-185.800000,270.000000,top
C228,4.7uF,C_0805_2012Metric,420.350000,-182.550000,180.000000,top
C229,100nF,C_0402_1005Metric,428.850000,-183.400000,0.000000,top
C230,10uF,C_1206_3216Metric,137.800000,-117.000000,0.000000,top
C231,10nF,C_0402_1005Metric,136.400000,-118.800000,0.000000,top
C232,10uF,C_1206_3216Metric,334.300000,-100.200000,0.000000,top
C233,10nF,C_0402_1005Metric,334.600000,-98.300000,0.000000,top
C234,10uF,C_1206_3216Metric,460.000000,-258.600000,270.000000,top
C235,100pF,C_0805_2012Metric,447.050000,-261.900000,180.000000,top
C236,10uF,C_1206_3216Metric,449.600000,-254.600000,0.000000,top
C237,100nF,C_0402_1005Metric,321.500000,-260.800000,0.000000,top
C238,100nF,C_0402_1005Metric,329.700000,-271.600000,0.000000,top
D1,B5819W,D_SOD-123,357.400000,-110.500000,90.000000,top
D2,3V3 LED,LED_0603_1608Metric,341.440000,-117.340000,0.000000,top
D3,1N4148,D_SOD-123,374.600000,-121.700000,0.000000,top
D4,FXDryLED11,FM-B2020RGBA-HG,475.100000,-165.200000,90,top
D5,B5819W,D_SOD-123,172.750000,-201.110000,90.000000,top
D6,B5819W,D_SOD-123,170.050000,-169.700000,90.000000,top
D7,B5819W,D_SOD-123,172.425000,-169.700000,90.000000,top
D8,B5819W,D_SOD-123,382.175000,-91.850000,90.000000,top
D9,B5819W,D_SOD-123,162.250000,-220.700000,90.000000,top
D10,B5819W,D_SOD-123,347.100000,-84.100000,0.000000,top
D11,B5819W,D_SOD-123,250.600000,-130.550000,90.000000,top
D12,Osc1SqrMixLED,LED_0603_1608Metric,147.000000,-127.900000,0.000000,top
D13,Osc1SqrPWMLED,LED_0603_1608Metric,147.000000,-145.000000,0.000000,top
D14,B5819W,D_SOD-123,286.675000,-191.600000,90.000000,top
D15,B5819W,D_SOD-123,280.790000,-134.780000,90.000000,top
D16,Osc2SqrMixLED,LED_0603_1608Metric,147.000000,-178.900000,180.000000,top
D17,B5819W,D_SOD-123,256.575000,-228.425000,90.000000,top
D18,Osc2SqrPWMLED,LED_0603_1608Metric,147.000000,-196.000000,0.000000,top
D19,B5819W,D_SOD-123,215.050000,-228.300000,90.000000,top
D20,Osc1SawLED2,FM-B2020RGBA-HG,164.600000,-114.200000,180,top
D21,Osc1SqrLED2,FM-B2020RGBA-HG,164.600000,-136.200000,90,top
D22,Osc2SawLED2,FM-B2020RGBA-HG,162.800000,-165.200000,90,top
D23,B5819W,D_SOD-123,343.850000,-146.700000,90.000000,top
D24,B5819W,D_SOD-123,376.625000,-213.100000,90.000000,top
D25,B5819W,D_SOD-123,454.675000,-236.625000,90.000000,top
D26,Osc2NoiseLED2,FM-B2020RGBA-HG,162.800000,-209.200000,90,top
D27,SubOscLED2,FM-B2020RGBA-HG,164.600000,-238.200000,270,top
D28,SubNoiseLED2,FM-B2020RGBA-HG,164.600000,-260.200000,90,top
D29,Osc2SqrLED2,FM-B2020RGBA-HG,162.800000,-187.200000,90,top
D30,Osc1SawLED3,FM-B2020RGBA-HG,172.500000,-121.200000,0,top
D31,Osc1SqrLED3,FM-B2020RGBA-HG,172.500000,-129.200000,180,top
D32,Osc2SawLED3,FM-B2020RGBA-HG,167.800000,-176.200000,90,top
D33,Osc2NoiseLED3,FM-B2020RGBA-HG,167.800000,-198.200000,90,top
D34,SubOscLED3,FM-B2020RGBA-HG,172.400000,-245.200000,0,top
D35,SubNoiseLED3,FM-B2020RGBA-HG,172.400000,-253.200000,180,top
D36,Osc2MixLED,FM-B2020RGBA-HG,172.800000,-187.200000,90,top
D37,Osc1MixLED1,FM-B2020RGBA-HG,182.400000,-125.190000,0,top
D38,SubNoiseMixLED1,FM-B2020RGBA-HG,182.400000,-249.200000,270,top
D39,Osc1MixLED2,FM-B2020RGBA-HG,192.400000,-125.200000,90,top
D40,Osc1MixLED3,FM-B2020RGBA-HG,202.800000,-125.200000,90,top
D41,Osc1MixLED4,FM-B2020RGBA-HG,213.000000,-125.200000,90,top
D42,Osc1MixLED5,FM-B2020RGBA-HG,223.200000,-125.190000,90,top
D43,OscFiltEnv1LED,LED_0603_1608Metric,242.950000,-147.890000,0.000000,top
D44,OscFiltEnv2LED,LED_0603_1608Metric,243.000000,-165.000000,0.000000,top
D45,B5819W,D_SOD-123,322.500000,-112.500000,0.000000,top
D46,5V LED,LED_0603_1608Metric,291.120000,-114.970000,0.000000,top
D47,Osc2MixLED1,FM-B2020RGBA-HG,182.800000,-187.200000,270.000000,top
D48,Osc2MixLED2,FM-B2020RGBA-HG,192.800000,-187.200000,270.000000,top
D49,Osc2MixLED3,FM-B2020RGBA-HG,202.800000,-187.200000,270.000000,top
D50,Osc2MixLED4,FM-B2020RGBA-HG,212.800000,-187.200000,270.000000,top
D51,Osc2MixLED5,FM-B2020RGBA-HG,222.800000,-187.200000,270.000000,top
D52,OscFiltSusLED,LED_0603_1608Metric,291.000000,-147.900000,0.000000,top
D53,OscFiltAmtLED,LED_0603_1608Metric,291.000000,-165.000000,0.000000,top
D54,SubFilt1LED,LED_0603_1608Metric,243.000000,-209.890000,180.000000,top
D55,SubFilt2LED,LED_0603_1608Metric,243.000000,-227.000000,0.000000,top
D56,Osc1ToOsc2LED1,FM-B2020RGBA-HG,196.500000,-133.600000,180,top
D57,Osc1ToOsc2LED2,FM-B2020RGBA-HG,200.500000,-142.600000,180,top
D58,SubFiltSusLED,LED_0603_1608Metric,291.050000,-209.900000,180.000000,top
D59,SubFiltAmtLED,LED_0603_1608Metric,291.000000,-227.000000,0.000000,top
D60,Osc1ToOsc2LED5,FM-B2020RGBA-HG,200.500000,-169.800000,180,top
D61,Osc1ToOsc2ED6,FM-B2020RGBA-HG,204.500000,-178.800000,0,top
D62,OscAmpEnvSusLED,LED_0603_1608Metric,399.000000,-127.950000,180.000000,top
D63,OscAmpEnvAmtLED,LED_0603_1608Metric,399.000000,-145.000000,0.000000,top
D64,SubAmpEnvSusLED,LED_0603_1608Metric,398.950000,-229.890000,0.000000,top
D65,SubAmpEnvAmtLED,LED_0603_1608Metric,399.000000,-247.000000,0.000000,top
D66,SubToOsc2LED1,FM-B2020RGBA-HG,196.500000,-240.800000,90,top
D67,SubToOsc2LED2,FM-B2020RGBA-HG,200.500000,-231.800000,180,top
D68,StepLED,FM-B2020RGBA-HG,168.300000,-288.700000,180,top
D69,StepLED,FM-B2020RGBA-HG,304.550000,-288.700000,180,top
D70,SubToOsc2LED5,FM-B2020RGBA-HG,200.500000,-204.600000,270,top
D71,SubToOsc2ED6,FM-B2020RGBA-HG,204.500000,-195.600000,270,top
D72,StepLED,FM-B2020RGBA-HG,185.050000,-288.700000,180,top
D73,StepLED,FM-B2020RGBA-HG,321.550000,-288.700000,180,top
D74,StepLED,FM-B2020RGBA-HG,202.550000,-288.700000,180,top
D75,StepLED,FM-B2020RGBA-HG,338.550000,-288.700000,180,top
D76,SubMixLED1,FM-B2020RGBA-HG,192.400000,-249.200000,90,top
D77,SubMixLED2,FM-B2020RGBA-HG,202.400000,-249.200000,90,top
D78,SubMixLED3,FM-B2020RGBA-HG,212.400000,-249.200000,90,top
D79,SubMixLED4,FM-B2020RGBA-HG,222.400000,-249.200000,90,top
D80,StepLED,FM-B2020RGBA-HG,219.550000,-288.700000,180,top
D81,StepLED,FM-B2020RGBA-HG,355.400000,-288.650000,180,top
D82,StepLED,FM-B2020RGBA-HG,236.450000,-288.700000,180,top
D83,StepLED,FM-B2020RGBA-HG,372.550000,-288.700000,180,top
D84,StepLED,FM-B2020RGBA-HG,253.550000,-288.700000,180,top
D85,StepLED,FM-B2020RGBA-HG,389.700000,-288.650000,180,top
D86,Osc1FiltLED1,FM-B2020RGBA-HG,249.500000,-125.200000,0,top
D87,Osc1FiltLED2,FM-B2020RGBA-HG,259.500000,-125.200000,0,top
D88,StepLED,FM-B2020RGBA-HG,270.350000,-288.700000,180,top
D89,StepLED,FM-B2020RGBA-HG,406.550000,-288.700000,180,top
D90,OscTuneLED1,LED_0603_1608Metric,168.600000,-158.200000,270.000000,top
D91,OscTuneLED2,LED_0603_1608Metric,166.550000,-155.300000,180.000000,top
D92,OscTuneLED3,LED_0603_1608Metric,165.690000,-151.380000,180.000000,top
D93,OscTuneLED4,LED_0603_1608Metric,166.300000,-147.600000,180.000000,top
D94,OscTuneLED5,LED_0603_1608Metric,168.100000,-143.900000,180.000000,top
D95,OscTuneLED6,LED_0603_1608Metric,171.890000,-141.180000,0.000000,top
D96,OscTuneLED7,LED_0603_1608Metric,176.350000,-140.450000,0.000000,top
D97,OscTuneLED8,LED_0603_1608Metric,181.100000,-141.400000,0.000000,top
D98,OscTuneLED9,LED_0603_1608Metric,184.800000,-144.430000,0.000000,top
D99,OscTuneLED10,LED_0603_1608Metric,186.690000,-147.700000,0.000000,top
D100,OscTuneLED11,LED_0603_1608Metric,186.940000,-151.380000,0.000000,top
D101,OscTuneLED12,LED_0603_1608Metric,186.200000,-155.300000,0.000000,top
D102,OscTuneLED13,LED_0603_1608Metric,184.000000,-158.212500,270.000000,top
D103,Osc2FiltLED1,FM-B2020RGBA-HG,249.500000,-187.200000,0,top
D104,Osc2FiltLED2,FM-B2020RGBA-HG,259.500000,-187.200000,90,top
D105,StepLED,FM-B2020RGBA-HG,287.550000,-288.700000,180,top
D106,StepLED,FM-B2020RGBA-HG,423.550000,-288.700000,180,top
D107,SubFiltLED1,FM-B2020RGBA-HG,249.500000,-249.200000,0,top
D108,SubFiltLED2,FM-B2020RGBA-HG,259.500000,-249.200000,0,top
D109,StepLED,FM-B2020RGBA-HG,447.080000,-288.700000,180,top
D110,StepLED,FM-B2020RGBA-HG,143.750000,-288.700000,180,top
D111,OscFiltEnvLED1,FM-B2020RGBA-HG,236.500000,-136.800000,180,top
D112,OscFiltEnvLED2,FM-B2020RGBA-HG,236.500000,-146.800000,90,top
D113,OscFiltEnvLED3,FM-B2020RGBA-HG,239.490000,-156.200000,90,top
D114,PageLED,LED_0603_1608Metric,459.300000,-274.300000,0.000000,top
D115,PageLED,LED_0603_1608Metric,462.700000,-274.300000,0.000000,top
D116,PageLED,LED_0603_1608Metric,466.100000,-274.300000,0.000000,top
D117,SubFiltEnvLED1,FM-B2020RGBA-HG,236.500000,-237.600000,180,top
D118,SubFiltEnvLED2,FM-B2020RGBA-HG,236.500000,-227.600000,180,top
D119,SubFiltEnvLED3,FM-B2020RGBA-HG,239.500000,-218.200000,270,top
D120,PageLED,LED_0603_1608Metric,469.500000,-274.300000,0.000000,top
D121,B5819W,D_SOD-123,449.600000,-257.100000,0.000000,top
D122,BootLED,LED_0603_1608Metric,281.800000,-112.300000,180.000000,top
D123,Osc1ResLED1,FM-B2020RGBA-HG,285.500000,-125.200000,180,top
D124,Osc1ResLED2,FM-B2020RGBA-HG,295.500000,-125.200000,180,top
D127,Osc2ResLED1,FM-B2020RGBA-HG,285.500000,-187.200000,90,top
D128,Osc2ResLED2,FM-B2020RGBA-HG,295.500000,-187.200000,90,top
D131,SubResLED1,FM-B2020RGBA-HG,285.500000,-249.200000,0,top
D132,SubResLED2,FM-B2020RGBA-HG,295.500000,-249.200000,90,top
D133,SubResLED3,FM-B2020RGBA-HG,305.500000,-249.200000,0,top
D134,SubResLED4,FM-B2020RGBA-HG,315.500000,-249.200000,180,top
D135,SubResLED5,FM-B2020RGBA-HG,325.500000,-249.200000,0,top
D136,SubResLED6,FM-B2020RGBA-HG,335.000000,-243.200000,180,top
D137,SubResLED7,FM-B2020RGBA-HG,344.500000,-238.200000,180,top
D144,Osc1DriveLED1,FM-B2020RGBA-HG,320.500000,-125.200000,0,top
D145,Osc1DriveLED2,FM-B2020RGBA-HG,330.500000,-125.200000,180,top
D147,Osc1DriveLED3,FM-B2020RGBA-HG,344.500000,-133.200000,270,top
D148,Osc1DriveLED4,FM-B2020RGBA-HG,338.500000,-130.200000,180,top
D152,Osc2DriveLED2,FM-B2020RGBA-HG,319.500000,-187.200000,270,top
D153,Osc2DriveLED10,FM-B2020RGBA-HG,329.500000,-187.200000,0,top
D154,Osc2DriveLED3,FM-B2020RGBA-HG,338.500000,-182.200000,90,top
D159,Osc2DriveLED13,FM-B2020RGBA-HG,344.500000,-139.200000,90,top
D162,OscAmpLED1,FM-B2020RGBA-HG,356.500000,-149.200000,180,top
D163,OscAmpLED2,FM-B2020RGBA-HG,356.500000,-159.200000,180,top
D164,OscAmpLED3,FM-B2020RGBA-HG,356.500000,-169.200000,180,top
D165,SubAmpLED1,FM-B2020RGBA-HG,356.500000,-225.200000,90,top
D166,SubAmpLED2,FM-B2020RGBA-HG,356.500000,-215.200000,90,top
D167,SubAmpLED3,FM-B2020RGBA-HG,356.500000,-205.200000,90,top
D168,SubAmpLED4,FM-B2020RGBA-HG,356.500000,-195.200000,270,top
D169,SubvAmpLED5,FM-B2020RGBA-HG,367.500000,-190.230000,90,top
D173,OscAmpLED4,FM-B2020RGBA-HG,356.500000,-179.200000,90,top
D174,OscAmpLED5,FM-B2020RGBA-HG,367.500000,-184.200000,90,top
D175,FXDryLED1,FM-B2020RGBA-HG,380.500000,-174.200000,180,top
D176,FXDryLED2,FM-B2020RGBA-HG,385.100000,-165.200000,90,top
D177,FXDryLED3,FM-B2020RGBA-HG,395.100000,-165.200000,90,top
D178,FXDryLED4,FM-B2020RGBA-HG,405.100000,-165.200000,90,top
D179,FXDryLED5,FM-B2020RGBA-HG,415.030000,-165.200000,90,top
D180,FXDryLED6,FM-B2020RGBA-HG,425.025000,-165.200000,90,top
D181,FXDryLED7,FM-B2020RGBA-HG,435.025000,-165.200000,90,top
D182,FXDryLED8,FM-B2020RGBA-HG,445.025000,-165.200000,90,top
D183,FXDryLED9,FM-B2020RGBA-HG,455.025000,-165.200000,90,top
D184,FXDryLED10,FM-B2020RGBA-HG,465.025000,-165.200000,90,top
D190,FXWetLED1,FM-B2020RGBA-HG,380.500000,-200.200000,0,top
D193,FXWetLED4,FM-B2020RGBA-HG,385.100000,-209.210000,90,top
D196,FXWetLED7,FM-B2020RGBA-HG,405.500000,-209.200000,90,top
D197,FXWetLED8,FM-B2020RGBA-HG,425.500000,-209.200000,90,top
D198,FXWetLED9,FM-B2020RGBA-HG,445.500000,-209.200000,90,top
D199,FXWetLED10,FM-B2020RGBA-HG,465.500000,-209.200000,90,top
D202,FXFbLED1,FM-B2020RGBA-HG,395.500000,-221.200000,180,top
D203,FXFbLED2,FM-B2020RGBA-HG,400.000000,-223.700000,90,top
D205,FXFbLED3,FM-B2020RGBA-HG,410.000000,-223.700000,90,top
D206,FXFbLED4,FM-B2020RGBA-HG,420.000000,-223.700000,90,top
D207,FXFbLED5,FM-B2020RGBA-HG,430.000000,-223.700000,90,top
D209,FXFbLED6,FM-B2020RGBA-HG,440.000000,-223.700000,90,top
D210,FXFbLED7,FM-B2020RGBA-HG,450.000000,-223.700000,180,top
D211,FXFbLED18,FM-B2020RGBA-HG,455.500000,-221.200000,180,top
D218,OscFiltEnvAtkLED1,LED_0603_1608Metric,258.590000,-159.800000,270.000000,top
D219,OscFiltEnvAtkLED2,LED_0603_1608Metric,258.590000,-156.200000,270.000000,top
D220,OscFiltEnvAtkLED3,LED_0603_1608Metric,258.590000,-152.600000,270.000000,top
D221,OscFiltEnvAtkLED4,LED_0603_1608Metric,260.490000,-156.200000,270.000000,top
D222,OscFiltEnvAtkLED5,LED_0603_1608Metric,260.490000,-152.600000,270.000000,top
D223,OscFiltEnvAtkLED6,LED_0603_1608Metric,262.390000,-152.600000,270.000000,top
D224,OscFiltEnvDcyLED1,LED_0603_1608Metric,282.600000,-159.800000,90.000000,top
D225,OscFiltEnvDcyLED2,LED_0603_1608Metric,282.600000,-156.200000,90.000000,top
D226,OscFiltEnvDcyLED3,LED_0603_1608Metric,282.600000,-152.600000,90.000000,top
D227,OscFiltEnvDcyLED4,LED_0603_1608Metric,284.500000,-159.800000,90.000000,top
D228,OscFiltEnvDcyLED5,LED_0603_1608Metric,284.500000,-156.200000,90.000000,top
D229,OscFiltEnvDcyLED6,LED_0603_1608Metric,286.400000,-159.800000,90.000000,top
D230,OscFiltEnvSusLED1,LED_0603_1608Metric,307.600000,-159.800000,270.000000,top
D231,OscFiltEnvSusLED2,LED_0603_1608Metric,307.600000,-156.200000,270.000000,top
D232,OscFiltEnvSusLED3,LED_0603_1608Metric,307.600000,-152.600000,270.000000,top
D233,OscFiltEnvSusLED4,LED_0603_1608Metric,309.500000,-159.800000,270.000000,top
D234,OscFiltEnvSusLED5,LED_0603_1608Metric,309.500000,-156.200000,270.000000,top
D235,OscFiltEnvSusLED6,LED_0603_1608Metric,309.500000,-152.600000,270.000000,top
D236,OscFiltEnvRelLED1,LED_0603_1608Metric,330.600000,-159.800000,270.000000,top
D237,OscFiltEnvRelLED2,LED_0603_1608Metric,330.600000,-156.200000,270.000000,top
D238,OscFiltEnvRelLED3,LED_0603_1608Metric,330.600000,-152.600000,270.000000,top
D239,OscFiltEnvRelLED4,LED_0603_1608Metric,332.500000,-159.800000,270.000000,top
D240,OscFiltEnvRelLED5,LED_0603_1608Metric,332.500000,-156.200000,270.000000,top
D241,OscFiltEnvRelLED6,LED_0603_1608Metric,334.400000,-159.800000,270.000000,top
D242,SubFiltEnvAtkLED1,LED_0603_1608Metric,258.600000,-221.800000,270.000000,top
D243,SubFiltEnvAtkLED2,LED_0603_1608Metric,258.600000,-218.200000,270.000000,top
D244,SubFiltEnvAtkLED3,LED_0603_1608Metric,258.600000,-214.600000,270.000000,top
D245,SubFiltEnvAtkLED4,LED_0603_1608Metric,260.500000,-218.200000,270.000000,top
D246,SubFiltEnvAtkLED5,LED_0603_1608Metric,260.500000,-214.600000,270.000000,top
D247,SubFiltEnvAtkLED6,LED_0603_1608Metric,262.400000,-214.600000,270.000000,top
D248,SubFiltEnvDcyLED1,LED_0603_1608Metric,282.600000,-221.800000,270.000000,top
D249,SubFiltEnvDcyLED2,LED_0603_1608Metric,282.600000,-218.200000,270.000000,top
D250,SubFiltEnvDcyLED3,LED_0603_1608Metric,282.600000,-214.600000,270.000000,top
D251,SubFiltEnvDcyLED4,LED_0603_1608Metric,284.500000,-221.800000,270.000000,top
D252,SubFiltEnvDcyLED5,LED_0603_1608Metric,284.500000,-218.200000,270.000000,top
D253,SubFiltEnvDcyLED6,LED_0603_1608Metric,286.400000,-221.800000,270.000000,top
D254,SubFiltEnvSusLED1,LED_0603_1608Metric,307.500000,-221.800000,270.000000,top
D255,SubFiltEnvSusLED2,LED_0603_1608Metric,307.500000,-218.200000,270.000000,top
D256,SubFiltEnvSusLED3,LED_0603_1608Metric,307.500000,-214.600000,270.000000,top
D257,SubFiltEnvSusLED4,LED_0603_1608Metric,309.400000,-221.800000,270.000000,top
D258,SubFiltEnvSusLED5,LED_0603_1608Metric,309.400000,-218.200000,270.000000,top
D259,SubFiltEnvSusLED6,LED_0603_1608Metric,309.400000,-214.600000,270.000000,top
D260,SubFiltEnvRelLED1,LED_0603_1608Metric,330.600000,-221.800000,270.000000,top
D261,SubFiltEnvRelLED2,LED_0603_1608Metric,330.600000,-218.200000,270.000000,top
D262,SubFiltEnvRelLED3,LED_0603_1608Metric,330.600000,-214.600000,270.000000,top
D263,SubFiltEnvRelLED4,LED_0603_1608Metric,332.500000,-221.800000,270.000000,top
D264,SubFiltEnvRelLED5,LED_0603_1608Metric,332.500000,-218.200000,270.000000,top
D265,SubFiltEnvRelLED6,LED_0603_1608Metric,334.400000,-221.800000,270.000000,top
D266,OscAmpEnvAtkLED1,LED_0603_1608Metric,366.600000,-139.800000,270.000000,top
D267,OscAmpEnvAtkLED2,LED_0603_1608Metric,366.600000,-136.200000,270.000000,top
D268,OscAmpEnvAtkLED3,LED_0603_1608Metric,366.600000,-132.600000,270.000000,top
D269,OscAmpEnvAtkLED4,LED_0603_1608Metric,368.500000,-136.200000,270.000000,top
D270,OscAmpEnvAtkLED5,LED_0603_1608Metric,368.500000,-132.600000,270.000000,top
D271,OscAmpEnvAtkLED6,LED_0603_1608Metric,370.400000,-132.600000,270.000000,top
D272,OscAmpEnvDcyLED1,LED_0603_1608Metric,390.600000,-139.810000,270.000000,top
D273,OscAmpEnvDcyLED2,LED_0603_1608Metric,390.600000,-136.210000,270.000000,top
D274,OscAmpEnvDcyLED3,LED_0603_1608Metric,390.600000,-132.610000,270.000000,top
D275,OscAmpEnvDcyLED4,LED_0603_1608Metric,392.500000,-139.810000,270.000000,top
D276,OscAmpEnvDcyLED5,LED_0603_1608Metric,392.500000,-136.210000,270.000000,top
D277,OscAmpEnvDcyLED6,LED_0603_1608Metric,394.400000,-139.810000,270.000000,top
D278,OscAmpEnvSusLED1,LED_0603_1608Metric,415.600000,-139.810000,270.000000,top
D279,OscAmpEnvSusLED2,LED_0603_1608Metric,415.600000,-136.210000,270.000000,top
D280,OscAmpEnvSusLED3,LED_0603_1608Metric,415.600000,-132.610000,270.000000,top
D281,OscAmpEnvSusLED4,LED_0603_1608Metric,417.500000,-139.810000,270.000000,top
D282,OscAmpEnvSusLED5,LED_0603_1608Metric,417.500000,-136.210000,270.000000,top
D283,OscAmpEnvSusLED6,LED_0603_1608Metric,417.500000,-132.610000,270.000000,top
D284,OscAmpEnvRelLED1,LED_0603_1608Metric,438.600000,-139.810000,270.000000,top
D285,OscAmpEnvRelLED2,LED_0603_1608Metric,438.600000,-136.210000,270.000000,top
D286,OscAmpEnvRelLED3,LED_0603_1608Metric,438.600000,-132.610000,270.000000,top
D287,OscAmpEnvRelLED4,LED_0603_1608Metric,440.500000,-139.810000,270.000000,top
D288,OscAmpEnvRelLED5,LED_0603_1608Metric,440.500000,-136.210000,270.000000,top
D289,OscAmpEnvRelLED6,LED_0603_1608Metric,442.400000,-139.810000,270.000000,top
D290,SubAmpEnvAtkLED1,LED_0603_1608Metric,366.590000,-241.810000,270.000000,top
D291,SubAmpEnvAtkLED2,LED_0603_1608Metric,366.560000,-238.200000,270.000000,top
D292,SubAmpEnvAtkLED3,LED_0603_1608Metric,366.590000,-234.610000,270.000000,top
D293,SubAmpEnvAtkLED4,LED_0603_1608Metric,368.490000,-238.200000,270.000000,top
D294,SubAmpEnvAtkLED5,LED_0603_1608Metric,368.490000,-234.610000,270.000000,top
D295,SubAmpEnvAtkLED6,LED_0603_1608Metric,370.400000,-234.600000,270.000000,top
D296,SubAmpEnvDcyLED1,LED_0603_1608Metric,390.600000,-241.810000,270.000000,top
D297,SubAmpEnvDcyLED2,LED_0603_1608Metric,390.600000,-238.210000,270.000000,top
D298,SubAmpEnvDcyLED3,LED_0603_1608Metric,390.600000,-234.610000,270.000000,top
D299,SubAmpEnvDcyLED4,LED_0603_1608Metric,392.500000,-241.810000,270.000000,top
D300,SubAmpEnvDcyLED5,LED_0603_1608Metric,392.500000,-238.210000,270.000000,top
D301,SubAmpEnvDcyLED6,LED_0603_1608Metric,394.400000,-241.810000,270.000000,top
D302,SubAmpEnvSusLED1,LED_0603_1608Metric,415.500000,-241.800000,270.000000,top
D303,SubAmpEnvSusLED2,LED_0603_1608Metric,415.500000,-238.200000,270.000000,top
D304,SubAmpEnvSusLED3,LED_0603_1608Metric,415.500000,-234.600000,270.000000,top
D305,SubAmpEnvSusLED4,LED_0603_1608Metric,417.400000,-241.800000,270.000000,top
D306,SubAmpEnvSusLED5,LED_0603_1608Metric,417.400000,-238.200000,270.000000,top
D307,SubAmpEnvSusLED6,LED_0603_1608Metric,417.400000,-234.600000,270.000000,top
D308,SubAmpEnvRelLED1,LED_0603_1608Metric,438.600000,-241.810000,270.000000,top
D309,SubAmpEnvRelLED2,LED_0603_1608Metric,438.600000,-238.210000,270.000000,top
D310,SubAmpEnvRelLED3,LED_0603_1608Metric,438.600000,-234.610000,270.000000,top
D311,SubAmpEnvRelLED4,LED_0603_1608Metric,440.500000,-241.810000,270.000000,top
D312,SubAmpEnvRelLED5,LED_0603_1608Metric,440.500000,-238.210000,270.000000,top
D313,SubAmpEnvRelLED6,LED_0603_1608Metric,442.400000,-241.810000,270.000000,top
D315,Osc2DriveLED6,FM-B2020RGBA-HG,338.500000,-172.200000,180,top
D316,Osc2DriveLED7,FM-B2020RGBA-HG,338.500000,-162.200000,180,top
D317,Osc2DriveLED8,FM-B2020RGBA-HG,338.500000,-152.200000,180,top
D320,Osc2DriveLED9,FM-B2020RGBA-HG,338.500000,-142.200000,180,top
D326,FXWetLED13,FM-B2020RGBA-HG,474.850000,-209.100000,180,top
F1,1A,Fuse_1206_3216Metric,358.400000,-106.500000,180.000000,top
F2,500mA,Fuse_1206_3216Metric,326.500000,-113.600000,90.000000,top
FB1,600 @ 600Mhz,L_0805_2012Metric,363.100000,-107.100000,90.000000,top
FB2,600 @ 600Mhz,L_0805_2012Metric,463.100000,-257.100000,0.000000,top
FB3,600 @ 600Mhz,L_0805_2012Metric,325.500000,-118.700000,0.000000,top
J1,DEBUG,PinHeader_2x05_P1.27mm_Vertical_SMD,349.900000,-185.300000,270.000000,top
J15,USB_B_Micro,USB_Micro-B_Amphenol_10118194_Horizontal,254.600000,-108.700000,180.000000,top
J16,SD_Card,SD_Kyocera_145638009211859+,453.100000,-117.200000,180.000000,top
J17,BT_DEBUG,PinHeader_2x05_P1.27mm_Vertical_SMD,351.650000,-272.760000,0.000000,top
L1,10uH,L_Sunlord_MWSA0518_5.4x5.2mm,354.200000,-116.200000,180.000000,top
L2,10uH,L_Sunlord_MWSA0518_5.4x5.2mm,316.800000,-109.700000,90.000000,top
L3,39nH,L_0402_1005Metric,329.600000,-208.850000,0.000000,top
L4,39nH,L_0402_1005Metric,468.200000,-112.750000,270.000000,top
L5,39nH,L_0402_1005Metric,139.700000,-112.800000,270.000000,top
L6,39nH,L_0402_1005Metric,334.300000,-102.415000,90.000000,top
L7,10uH,L_Sunlord_MWSA0518_5.4x5.2mm,455.400000,-257.100000,180.000000,top
Q1,AO3401A,SOT-23,353.900000,-107.100000,0,top
Q2,AO3401A,SOT-23,325.900000,-109.100000,270,top
R1,10K,R_0402_1005Metric,149.100000,-125.300000,0.000000,top
R2,10K,R_0402_1005Metric,155.700000,-125.300000,0.000000,top
R3,10K,R_0402_1005Metric,149.450000,-148.100000,0.000000,top
R4,10K,R_0402_1005Metric,155.650000,-148.100000,0.000000,top
R5,10K,R_0402_1005Metric,149.450000,-176.700000,0.000000,top
R6,10K,R_0402_1005Metric,155.600000,-176.700000,0.000000,top
R7,10K,R_0402_1005Metric,149.810000,-198.330000,0.000000,top
R8,10K,R_0402_1005Metric,155.160000,-198.330000,0.000000,top
R9,10K,R_0402_1005Metric,149.450000,-220.500000,0.000000,top
R10,10K,R_0402_1005Metric,155.600000,-220.500000,0.000000,top
R11,10K,R_0402_1005Metric,149.400000,-249.600000,0.000000,top
R12,10K,R_0402_1005Metric,155.550000,-249.600000,0.000000,top
R13,10K,R_0402_1005Metric,144.290000,-263.330000,90.000000,top
R14,10K,R_0402_1005Metric,144.290000,-257.190000,90.000000,top
R15,10K,R_0402_1005Metric,149.100000,-123.700000,180.000000,top
R16,10K,R_0402_1005Metric,155.700000,-123.700000,180.000000,top
R17,10K,R_0402_1005Metric,149.450000,-146.500000,180.000000,top
R18,10K,R_0402_1005Metric,155.650000,-146.500000,180.000000,top
R19,100K,R_0402_1005Metric,268.400000,-167.300000,270.000000,top
R20,100K,R_0402_1005Metric,317.700000,-232.000000,180.000000,top
R21,10K,R_0402_1005Metric,149.450000,-175.100000,180.000000,top
R22,10K,R_0402_1005Metric,155.600000,-175.100000,180.000000,top
R23,10K,R_0402_1005Metric,149.810000,-196.780000,180.000000,top
R24,10K,R_0402_1005Metric,155.160000,-196.780000,180.000000,top
R25,3.3K,R_0402_1005Metric,269.400000,-173.300000,270.000000,top
R26,3.3K,R_0402_1005Metric,310.350000,-229.950000,180.000000,top
R27,10K,R_0402_1005Metric,149.450000,-218.950000,180.000000,top
R28,10K,R_0402_1005Metric,155.600000,-218.950000,180.000000,top
R29,10K,R_0402_1005Metric,149.400000,-248.050000,180.000000,top
R30,10K,R_0402_1005Metric,155.550000,-248.050000,180.000000,top
R31,10K,R_0402_1005Metric,142.740000,-263.330000,270.000000,top
R32,10K,R_0402_1005Metric,142.740000,-257.190000,270.000000,top
R33,100K,R_0402_1005Metric,448.450000,-163.600000,90.000000,top
R34,100K,R_0402_1005Metric,449.200000,-219.300000,180.000000,top
R35,100K,R_0402_1005Metric,192.110000,-230.500000,180.000000,top
R36,100K,R_0402_1005Metric,195.300000,-189.200000,180.000000,top
R37,10K,R_0402_1005Metric,192.300000,-221.250000,90.000000,top
R38,10K,R_0402_1005Metric,192.300000,-215.100000,90.000000,top
R39,10K,R_0402_1005Metric,192.150000,-164.800000,180.000000,top
R40,10K,R_0402_1005Metric,192.100000,-159.800000,0.000000,top
R41,10K,R_0402_1005Metric,190.750000,-221.250000,270.000000,top
R42,10K,R_0402_1005Metric,190.750000,-215.087500,270.000000,top
R43,10K,R_0402_1005Metric,192.150000,-166.350000,0.000000,top
R44,10K,R_0402_1005Metric,192.100000,-158.250000,180.000000,top
R45,10K,R_0402_1005Metric,245.500000,-136.950000,90.000000,top
R46,10K,R_0402_1005Metric,245.500000,-130.800000,90.000000,top
R47,10K,R_0402_1005Metric,233.467500,-177.820000,0.000000,top
R48,10K,R_0402_1005Metric,239.530000,-177.820000,0.000000,top
R49,10K,R_0402_1005Metric,233.460000,-260.530000,0.000000,top
R50,10K,R_0402_1005Metric,239.550000,-260.540000,0.000000,top
R51,10K,R_0402_1005Metric,243.950000,-136.950000,270.000000,top
R52,10K,R_0402_1005Metric,243.950000,-130.800000,270.000000,top
R53,10K,R_0402_1005Metric,233.467500,-176.300000,180.000000,top
R54,10K,R_0402_1005Metric,239.530000,-176.300000,180.000000,top
R55,10K,R_0402_1005Metric,233.460000,-259.010000,180.000000,top
R56,10K,R_0402_1005Metric,239.550000,-259.010000,180.000000,top
R57,10K,R_0402_1005Metric,251.550000,-168.150000,180.000000,top
R58,10K,R_0402_1005Metric,252.810000,-228.000000,180.000000,top
R59,10K,R_0402_1005Metric,251.550000,-169.675000,0.000000,top
R60,10K,R_0402_1005Metric,252.810000,-229.520000,0.000000,top
R61,10K,R_0402_1005Metric,245.475000,-169.675000,0.000000,top
R62,10K,R_0402_1005Metric,246.740000,-229.520000,0.000000,top
R63,10K,R_0402_1005Metric,245.475000,-168.150000,180.000000,top
R64,10K,R_0402_1005Metric,246.740000,-228.000000,180.000000,top
R65,10K,R_0402_1005Metric,275.450000,-135.050000,180.000000,top
R66,10K,R_0402_1005Metric,275.530000,-197.100000,180.000000,top
R67,10K,R_0402_1005Metric,267.140000,-259.490000,0.000000,top
R68,10K,R_0402_1005Metric,275.450000,-136.575000,0.000000,top
R69,10K,R_0402_1005Metric,275.530000,-198.620000,0.000000,top
R70,10K,R_0402_1005Metric,267.140000,-257.970000,180.000000,top
R71,10K,R_0402_1005Metric,269.575000,-136.575000,0.000000,top
R72,10K,R_0402_1005Metric,269.460000,-198.620000,0.000000,top
R73,10K,R_0402_1005Metric,261.060000,-257.970000,180.000000,top
R74,10K,R_0402_1005Metric,269.575000,-135.050000,180.000000,top
R75,10K,R_0402_1005Metric,269.460000,-197.100000,180.000000,top
R76,10K,R_0402_1005Metric,261.060000,-259.490000,0.000000,top
R77,10K,R_0402_1005Metric,275.550000,-145.450000,180.000000,top
R78,10K,R_0402_1005Metric,275.530000,-227.610000,180.000000,top
R79,10K,R_0402_1005Metric,275.550000,-146.975000,0.000000,top
R80,10K,R_0402_1005Metric,275.530000,-229.130000,0.000000,top
R81,10K,R_0402_1005Metric,269.475000,-146.975000,0.000000,top
R82,10K,R_0402_1005Metric,269.460000,-229.130000,0.000000,top
R83,10K,R_0402_1005Metric,269.475000,-145.450000,180.000000,top
R84,10K,R_0402_1005Metric,269.460000,-227.610000,180.000000,top
R85,10K,R_0402_1005Metric,302.020000,-145.450000,180.000000,top
R86,10K,R_0402_1005Metric,299.570000,-228.610000,180.000000,top
R87,10K,R_0402_1005Metric,302.020000,-146.970000,0.000000,top
R88,10K,R_0402_1005Metric,299.570000,-230.140000,0.000000,top
R89,10K,R_0402_1005Metric,295.960000,-146.970000,0.000000,top
R90,10K,R_0402_1005Metric,293.500000,-230.130000,0.000000,top
R91,10K,R_0402_1005Metric,295.960000,-145.450000,180.000000,top
R92,10K,R_0402_1005Metric,293.500000,-228.610000,180.000000,top
R93,10K,R_0402_1005Metric,310.575000,-135.050000,180.000000,top
R94,10K,R_0402_1005Metric,310.580000,-197.000000,180.000000,top
R95,10K,R_0402_1005Metric,310.575000,-136.575000,0.000000,top
R96,10K,R_0402_1005Metric,310.580000,-198.520000,0.000000,top
R97,10K,R_0402_1005Metric,304.450000,-136.550000,0.000000,top
R98,10K,R_0402_1005Metric,304.522500,-198.520000,0.000000,top
R99,10K,R_0402_1005Metric,304.450000,-135.025000,180.000000,top
R100,10K,R_0402_1005Metric,304.520000,-197.000000,180.000000,top
R101,10K,R_0402_1005Metric,321.050000,-145.450000,180.000000,top
R102,10K,R_0402_1005Metric,323.530000,-228.020000,180.000000,top
R103,10K,R_0402_1005Metric,321.050000,-146.970000,0.000000,top
R104,10K,R_0402_1005Metric,323.530000,-229.540000,0.000000,top
R105,10K,R_0402_1005Metric,314.990000,-146.980000,0.000000,top
R106,10K,R_0402_1005Metric,317.470000,-229.540000,0.000000,top
R107,10K,R_0402_1005Metric,314.990000,-145.450000,180.000000,top
R108,10K,R_0402_1005Metric,317.470000,-228.020000,180.000000,top
R109,10K,R_0402_1005Metric,377.512500,-178.040000,0.000000,top
R110,10K,R_0402_1005Metric,383.595000,-178.030000,0.000000,top
R111,10K,R_0402_1005Metric,377.515000,-176.510000,180.000000,top
R112,10K,R_0402_1005Metric,383.595000,-176.510000,180.000000,top
R113,10K,R_0402_1005Metric,353.450000,-248.095000,180.000000,top
R114,10K,R_0402_1005Metric,361.400000,-125.900000,0.000000,top
R115,10K,R_0402_1005Metric,353.450000,-249.625000,0.000000,top
R116,10K,R_0402_1005Metric,361.400000,-127.200000,0.000000,top
R117,10K,R_0402_1005Metric,359.560000,-249.625000,0.000000,top
R118,10K,R_0402_1005Metric,351.400000,-127.000000,0.000000,top
R119,10K,R_0402_1005Metric,359.560000,-248.095000,180.000000,top
R120,10K,R_0402_1005Metric,351.400000,-125.700000,180.000000,top
R121,10K,R_0402_1005Metric,403.250000,-213.805000,270.000000,top
R122,10K,R_0402_1005Metric,404.770000,-213.805000,90.000000,top
R123,10K,R_0402_1005Metric,404.770000,-219.865000,90.000000,top
R124,10K,R_0402_1005Metric,377.450000,-248.020000,180.000000,top
R125,10K,R_0402_1005Metric,390.100000,-142.100000,0.000000,top
R126,10K,R_0402_1005Metric,403.250000,-219.867500,270.000000,top
R127,10K,R_0402_1005Metric,377.450000,-249.550000,0.000000,top
R128,10K,R_0402_1005Metric,390.100000,-143.400000,0.000000,top
R129,10K,R_0402_1005Metric,383.550000,-249.550000,0.000000,top
R130,10K,R_0402_1005Metric,373.100000,-142.950000,90.000000,top
R131,10K,R_0402_1005Metric,383.550000,-248.020000,180.000000,top
R132,10K,R_0402_1005Metric,371.800000,-142.950000,90.000000,top
R133,10K,R_0402_1005Metric,418.555000,-219.010000,180.000000,top
R134,10K,R_0402_1005Metric,418.555000,-220.540000,0.000000,top
R135,10K,R_0402_1005Metric,412.465000,-220.540000,0.000000,top
R136,10K,R_0402_1005Metric,412.465000,-219.010000,180.000000,top
R137,10K,R_0402_1005Metric,404.015000,-248.045000,180.000000,top
R138,10K,R_0402_1005Metric,414.200000,-145.100000,180.000000,top
R139,10K,R_0402_1005Metric,438.625000,-219.030000,180.000000,top
R140,10K,R_0402_1005Metric,404.015000,-249.575000,0.000000,top
R141,10K,R_0402_1005Metric,414.200000,-144.000000,180.000000,top
R142,10K,R_0402_1005Metric,438.627500,-220.560000,0.000000,top
R143,10K,R_0402_1005Metric,410.105000,-249.575000,0.000000,top
R144,10K,R_0402_1005Metric,394.910000,-143.380000,0.000000,top
R145,10K,R_0402_1005Metric,432.525000,-220.560000,0.000000,top
R146,10K,R_0402_1005Metric,410.105000,-248.045000,180.000000,top
R147,10K,R_0402_1005Metric,394.900000,-142.100000,180.000000,top
R148,10K,R_0402_1005Metric,432.525000,-219.030000,180.000000,top
R149,10K,R_0402_1005Metric,425.440000,-248.020000,180.000000,top
R150,10K,R_0402_1005Metric,435.650000,-140.950000,270.000000,top
R151,10K,R_0402_1005Metric,425.440000,-249.550000,0.000000,top
R152,10K,R_0402_1005Metric,435.650000,-142.950000,90.000000,top
R153,10K,R_0402_1005Metric,431.530000,-249.550000,0.000000,top
R154,10K,R_0402_1005Metric,418.800000,-143.300000,0.000000,top
R155,10K,R_0402_1005Metric,459.860000,-218.085000,270.000000,top
R156,10K,R_0402_1005Metric,459.860000,-224.185000,270.000000,top
R157,10K,R_0402_1005Metric,431.530000,-248.020000,180.000000,top
R158,10K,R_0402_1005Metric,418.800000,-142.100000,180.000000,top
R159,10K,R_0402_1005Metric,461.390000,-218.085000,90.000000,top
R160,10K,R_0402_1005Metric,461.390000,-224.185000,90.000000,top
R161,220R,R_0402_1005Metric,330.100000,-201.700000,180.000000,top
R162,100K,R_1206_3216Metric,363.100000,-112.700000,270.000000,top
R163,1K,R_0402_1005Metric,284.590000,-112.300000,0.000000,top
R164,10K,R_0402_1005Metric,340.400000,-215.400000,270.000000,top
R165,2.2K,R_0603_1608Metric,320.200000,-193.225000,90.000000,top
R166,2.2K,R_0603_1608Metric,321.800000,-193.225000,90.000000,top
R167,2.2K,R_0603_1608Metric,346.400000,-218.100000,0.000000,top
R168,2.2K,R_0603_1608Metric,343.200000,-218.100000,180.000000,top
R169,220R,R_1206_3216Metric,432.400000,-122.800000,0.000000,top
R170,220R,R_1206_3216Metric,394.100000,-112.800000,0.000000,top
R171,10K,R_0603_1608Metric,393.400000,-120.150000,270.000000,top
R172,10K,R_0603_1608Metric,175.470000,-199.550000,180.000000,top
R173,10K,R_0603_1608Metric,175.150000,-168.100000,180.000000,top
R174,10K,R_0603_1608Metric,164.950000,-219.125000,180.000000,top
R175,10K,R_0603_1608Metric,253.350000,-128.950000,180.000000,top
R176,10K,R_0603_1608Metric,289.375000,-190.030000,180.000000,top
R177,10K,R_0603_1608Metric,283.525000,-133.200000,180.000000,top
R178,10K,R_0603_1608Metric,259.295000,-226.840000,180.000000,top
R179,10K,R_0603_1608Metric,217.790000,-226.740000,180.000000,top
R180,10K,R_0603_1608Metric,346.570000,-145.120000,180.000000,top
R181,10K,R_0603_1608Metric,379.350000,-211.550000,180.000000,top
R182,10K,R_0603_1608Metric,457.395000,-235.050000,180.000000,top
R183,10K,R_0402_1005Metric,179.300000,-160.200000,180.000000,top
R184,10K,R_0402_1005Metric,179.300000,-161.800000,0.000000,top
R185,10K,R_0402_1005Metric,173.300000,-161.800000,0.000000,top
R186,10K,R_0402_1005Metric,173.300000,-160.200000,180.000000,top
R187,100K,R_0402_1005Metric,190.750000,-108.850000,180.000000,top
R188,3.3K,R_0402_1005Metric,438.650000,-163.550000,180.000000,top
R189,3.3K,R_0402_1005Metric,443.590000,-219.250000,180.000000,top
R190,3.3K,R_0402_1005Metric,182.600000,-227.700000,180.000000,top
R191,3.3K,R_0402_1005Metric,186.300000,-185.300000,180.000000,top
R192,2K2,R_0603_1608Metric,218.100000,-213.700000,270.000000,top
R193,2K2,R_0603_1608Metric,216.500000,-215.400000,270.000000,top
R194,2K2,R_0603_1608Metric,219.700000,-218.500000,270.000000,top
R195,2K2,R_0603_1608Metric,229.900000,-220.300000,90.000000,top
R196,3.3K,R_0402_1005Metric,185.710000,-107.850000,180.000000,top
R197,100K,R_0402_1005Metric,424.850000,-160.740000,90.000000,top
R198,2K2,R_0603_1608Metric,233.100000,-215.400000,90.000000,top
R199,2K2,R_0603_1608Metric,218.100000,-210.600000,270.000000,top
R200,2K2,R_0603_1608Metric,231.500000,-213.700000,90.000000,top
R201,2K2,R_0603_1608Metric,231.500000,-210.600000,90.000000,top
R202,10K,R_0402_1005Metric,224.200000,-219.200000,90.000000,top
R203,10K,R_0402_1005Metric,223.000000,-219.200000,90.000000,top
R204,10K,R_0402_1005Metric,226.600000,-219.200000,90.000000,top
R205,10K,R_0402_1005Metric,225.400000,-219.200000,90.000000,top
R206,47K,R_0603_1608Metric,448.725000,-136.000000,90.000000,top
R207,47K,R_0603_1608Metric,461.150000,-136.000000,90.000000,top
R208,47K,R_0603_1608Metric,446.225000,-135.975000,90.000000,top
R209,47K,R_0603_1608Metric,462.850000,-136.000000,90.000000,top
R210,47K,R_0603_1608Metric,443.725000,-135.975000,90.000000,top
R211,47K,R_0603_1608Metric,378.600000,-270.400000,180.000000,top
R212,10K,R_0402_1005Metric,364.300000,-278.810000,90.000000,top
R213,100K,R_0402_1005Metric,422.000000,-246.600000,180.000000,top
R214,68K,R_0603_1608Metric,365.100000,-113.500000,90.000000,top
R215,49.9K,R_0603_1608Metric,363.500000,-116.500000,180.000000,top
R216,16.2K,R_0603_1608Metric,363.500000,-118.200000,0.000000,top
R217,49.9K,R_0603_1608Metric,317.800000,-122.900000,180.000000,top
R218,1K,R_0603_1608Metric,341.400000,-119.300000,180.000000,top
R219,100K,R_1206_3216Metric,320.300000,-119.000000,180.000000,top
R220,68K,R_0603_1608Metric,321.100000,-121.300000,0.000000,top
R221,2K,R_0603_1608Metric,291.100000,-117.000000,0.000000,top
R222,30K,R_0805_2012Metric,352.400000,-101.500000,180.000000,top
R223,30K,R_0805_2012Metric,358.200000,-101.600000,0.000000,top
R224,100K,R_0402_1005Metric,313.650000,-175.050000,270.000000,top
R225,3.3K,R_0402_1005Metric,423.800000,-155.150000,90.000000,top
R226,30K,R_0805_2012Metric,382.375000,-100.300000,270.000000,top
R227,30K,R_0805_2012Metric,393.775000,-93.950000,270.000000,top
R228,30K,R_0805_2012Metric,393.775000,-90.450000,90.000000,top
R229,30K,R_0805_2012Metric,382.375000,-83.500000,90.000000,top
R230,30K,R_0805_2012Metric,352.375000,-99.500000,0.000000,top
R231,30K,R_0805_2012Metric,358.175000,-99.650000,180.000000,top
R232,3.3K,R_0402_1005Metric,415.000000,-246.450000,180.000000,top
R233,100K,R_0402_1005Metric,211.910000,-155.800000,0.000000,top
R234,30K,R_0805_2012Metric,385.175000,-99.650000,0.000000,top
R235,30K,R_0805_2012Metric,390.975000,-99.650000,180.000000,top
R236,30K,R_0805_2012Metric,390.975000,-84.250000,180.000000,top
R237,30K,R_0805_2012Metric,385.175000,-84.250000,0.000000,top
R238,30K,R_0805_2012Metric,340.175000,-100.350000,270.000000,top
R239,30K,R_0805_2012Metric,348.475000,-100.362500,270.000000,top
R240,3.3K,R_0402_1005Metric,314.650000,-181.850000,270.000000,top
R241,3.3K,R_0402_1005Metric,212.300000,-163.100000,270.000000,top
R242,30K,R_0805_2012Metric,372.275000,-100.350000,270.000000,top
R243,30K,R_0805_2012Metric,380.275000,-100.350000,270.000000,top
R244,30K,R_0805_2012Metric,380.375000,-83.550000,90.000000,top
R245,30K,R_0805_2012Metric,372.275000,-83.562500,90.000000,top
R246,510R,R_0805_2012Metric,374.275000,-100.350000,270.000000,top
R247,510R,R_0805_2012Metric,378.275000,-100.350000,270.000000,top
R248,510R,R_0805_2012Metric,378.375000,-83.550000,90.000000,top
R249,510R,R_0805_2012Metric,374.275000,-83.550000,90.000000,top
R250,510R,R_0805_2012Metric,342.275000,-100.350000,270.000000,top
R251,510R,R_0805_2012Metric,346.375000,-100.337500,270.000000,top
R252,100K,R_0402_1005Metric,280.850000,-256.100000,270.000000,top
R253,100K,R_0402_1005Metric,364.350000,-219.150000,0.000000,top
R254,30K,R_0805_2012Metric,361.775000,-99.650000,0.000000,top
R255,30K,R_0805_2012Metric,367.575000,-99.650000,180.000000,top
R256,30K,R_0805_2012Metric,367.575000,-84.250000,180.000000,top
R257,30K,R_0805_2012Metric,361.775000,-84.250000,0.000000,top
R258,30K,R_0805_2012Metric,358.175000,-84.250000,180.000000,top
R259,30K,R_0805_2012Metric,352.375000,-84.250000,0.000000,top
R260,3.3K,R_0402_1005Metric,280.850000,-262.850000,270.000000,top
R261,3.3K,R_0402_1005Metric,369.950000,-216.050000,0.000000,top
R262,7.5K,R_0805_2012Metric,370.300000,-100.400000,270.000000,top
R263,7.5K,R_0805_2012Metric,338.100000,-100.312500,270.000000,top
R264,10K,R_0402_1005Metric,376.650000,-164.400000,0.000000,top
R265,10K,R_0402_1005Metric,376.650000,-163.350000,0.000000,top
R266,10K,R_0402_1005Metric,382.750000,-163.350000,180.000000,top
R267,10K,R_0402_1005Metric,382.750000,-164.400000,180.000000,top
R268,2K2,R_0603_1608Metric,370.400000,-156.700000,0.000000,top
R269,2K2,R_0603_1608Metric,370.400000,-158.350000,180.000000,top
R270,2K2,R_0603_1608Metric,370.400000,-160.000000,0.000000,top
R271,2K2,R_0603_1608Metric,370.400000,-161.650000,180.000000,top
R272,2K2,R_0603_1608Metric,390.150000,-161.700000,180.000000,top
R273,2K2,R_0603_1608Metric,390.100000,-160.000000,0.000000,top
R274,2K2,R_0603_1608Metric,390.100000,-158.300000,180.000000,top
R275,2K2,R_0603_1608Metric,390.125000,-156.700000,0.000000,top
R276,42R2,R_0603_1608Metric,158.000000,-127.900000,180.000000,top
R277,42R2,R_0603_1608Metric,158.000000,-145.000000,0.000000,top
R278,42R2,R_0603_1608Metric,158.010000,-178.840000,180.000000,top
R279,42R2,R_0603_1608Metric,158.000000,-196.000000,0.000000,top
R280,42R2,R_0603_1608Metric,253.960000,-147.870000,0.000000,top
R281,42R2,R_0603_1608Metric,254.000000,-165.000000,0.000000,top
R282,42R2,R_0603_1608Metric,289.000000,-151.300000,90.000000,top
R283,42R2,R_0603_1608Metric,288.750000,-162.500000,270.000000,top
R284,42R2,R_0603_1608Metric,254.020000,-209.840000,0.000000,top
R285,42R2,R_0603_1608Metric,243.000000,-228.600000,0.000000,top
R286,42R2,R_0603_1608Metric,301.970000,-209.870000,0.000000,top
R287,42R2,R_0603_1608Metric,302.000000,-227.000000,0.000000,top
R288,42R2,R_0603_1608Metric,399.000000,-125.800000,180.000000,top
R289,42R2,R_0603_1608Metric,395.625000,-145.000000,180.000000,top
R290,42R2,R_0603_1608Metric,396.900000,-232.450000,270.000000,top
R291,42R2,R_0603_1608Metric,399.000000,-248.650000,0.000000,top
R292,100K,R_0402_1005Metric,265.800000,-202.750000,90.000000,top
R293,3.3K,R_0402_1005Metric,264.850000,-196.750000,90.000000,top
R294,100K,R_0402_1005Metric,376.050000,-175.000000,90.000000,top
R295,3.3K,R_0402_1005Metric,377.550000,-169.500000,90.000000,top
R296,100K,R_0402_1005Metric,193.000000,-128.400000,180.000000,top
R297,3.3K,R_0402_1005Metric,186.750000,-127.750000,180.000000,top
R298,42R2,R_0603_1608Metric,459.300000,-272.600000,0.000000,top
R299,42R2,R_0603_1608Metric,462.700000,-272.600000,0.000000,top
R300,42R2,R_0603_1608Metric,466.100000,-272.600000,0.000000,top
R301,42R2,R_0603_1608Metric,469.500000,-272.600000,0.000000,top
R302,100K,R_0402_1005Metric,214.450000,-255.100000,180.000000,top
R303,3.3K,R_0402_1005Metric,208.750000,-255.100000,180.000000,top
R304,10K,R_0603_1608Metric,233.200000,-210.600000,90.000000,top
R305,10K,R_0603_1608Metric,380.400000,-164.300000,270.000000,top
R306,10K,R_0402_1005Metric,337.900000,-191.200000,180.000000,top
R307,22R,R_0603_1608Metric,358.900000,-185.400000,270.000000,top
R308,100K,R_1206_3216Metric,451.100000,-265.200000,0.000000,top
R309,100K,R_0805_2012Metric,445.000000,-265.900000,0.000000,top
R310,11.8K,R_1206_3216Metric,451.100000,-267.600000,0.000000,top
R311,10K,R_1206_3216Metric,447.300000,-259.500000,0.000000,top
R312,22R,R_0603_1608Metric,355.500000,-188.300000,90.000000,top
R313,22R,R_0603_1608Metric,339.100000,-188.100000,270.000000,top
R314,22R,R_0603_1608Metric,357.200000,-186.700000,90.000000,top
R315,9.53K,R_0603_1608Metric,317.800000,-121.300000,0.000000,top
R316,39K,R_0805_2012Metric,445.012500,-268.000000,0.000000,top
SW63,SW_SPDT,SW_SPDT_PCM12,281.700000,-107.200000,180.000000,top
U1,STM32F407VET6,LQFP-100_14x14mm_P0.5mm,340.900000,-201.100000,270,top
U2,PIC18F26Q43,SSOP-28_5.3x10.2mm_P0.65mm,176.345000,-177.655000,0.000000,top
U3,AD5290,MSOP-10_3x3mm_P0.5mm,139.200000,-126.800000,0.000000,top
U4,AD5290,MSOP-10_3x3mm_P0.5mm,139.200000,-195.300000,0.000000,top
U5,DAC7678xPW,TSSOP-16_4.4x5mm_P0.65mm,139.200000,-132.900000,0.000000,top
U6,DAC7678xPW,TSSOP-16_4.4x5mm_P0.65mm,139.200000,-201.400000,0.000000,top
U7,DAC7678xPW,TSSOP-16_4.4x5mm_P0.65mm,244.800000,-262.700000,90.000000,top
U8,DAC7678xPW,TSSOP-16_4.4x5mm_P0.65mm,470.600000,-157.100000,0.000000,top
U9,DAC7678xPW,TSSOP-16_4.4x5mm_P0.65mm,469.950000,-169.950000,0.000000,top
U10,DAC7678xPW,TSSOP-16_4.4x5mm_P0.65mm,469.950000,-218.450000,0.000000,top
U11,PIC18F26Q43,SSOP-28_5.3x10.2mm_P0.65mm,176.350000,-209.050000,0.000000,top
U12,PIC18F26Q43,SSOP-28_5.3x10.2mm_P0.65mm,166.125000,-228.650000,0.000000,top
U13,PIC18F26Q43,SSOP-28_5.3x10.2mm_P0.65mm,254.500000,-138.550000,0.000000,top
U14,PIC18F26Q43,SSOP-28_5.3x10.2mm_P0.65mm,290.550000,-199.530000,0.000000,top
U15,PIC18F26Q43,SSOP-28_5.3x10.2mm_P0.65mm,284.690000,-144.120000,0.000000,top
U16,PIC18F26Q43,SSOP-28_5.3x10.2mm_P0.65mm,260.465000,-236.355000,0.000000,top
U17,PIC18F26Q43,SSOP-28_5.3x10.2mm_P0.65mm,218.970000,-236.250000,0.000000,top
U18,PIC18F26Q43,SSOP-28_5.3x10.2mm_P0.65mm,380.525000,-221.050000,0.000000,top
U19,PIC18F26Q43,SSOP-28_5.3x10.2mm_P0.65mm,347.740000,-154.640000,0.000000,top
U20,PIC18F26Q43,SSOP-28_5.3x10.2mm_P0.65mm,458.580000,-244.580000,0.000000,top
U21,MP2359DJ-LF-Z,SOT-23-6,359.800000,-115.300000,90.000000,top
U22,6N137,SMDIP-8_W9.53mm,385.100000,-120.200000,0.000000,top
U24,IS32FL3237-TQLA3-TR,TQFP-48-1EP_7x7mm_P0.5mm_EP5x5mm,280.000000,-171.900000,90.000000,top
U25,IS32FL3237-TQLA3-TR,TQFP-48-1EP_7x7mm_P0.5mm_EP5x5mm,311.800000,-238.850000,0.000000,top
U26,IS32FL3237-TQLA3-TR,TQFP-48-1EP_7x7mm_P0.5mm_EP5x5mm,440.100000,-172.400000,0.000000,top
U27,IS32FL3237-TQLA3-TR,TQFP-48-1EP_7x7mm_P0.5mm_EP5x5mm,445.000000,-229.900000,0.000000,top
U28,IS32FL3237-TQLA3-TR,TQFP-48-1EP_7x7mm_P0.5mm_EP5x5mm,184.075000,-237.275000,0.000000,top
U29,IS32FL3237-TQLA3-TR,TQFP-48-1EP_7x7mm_P0.5mm_EP5x5mm,187.900000,-194.900000,0.000000,top
U30,IS32FL3237-TQLA3-TR,TQFP-48-1EP_7x7mm_P0.5mm_EP5x5mm,187.200000,-115.800000,0.000000,top
U31,IS32FL3237-TQLA3-TR,TQFP-48-1EP_7x7mm_P0.5mm_EP5x5mm,413.150000,-156.600000,270.000000,top
U32,IS32FL3237-TQLA3-TR,TQFP-48-1EP_7x7mm_P0.5mm_EP5x5mm,416.500000,-257.050000,0.000000,top
U33,IS32FL3237-TQLA3-TR,TQFP-48-1EP_7x7mm_P0.5mm_EP5x5mm,324.500000,-180.400000,90.000000,top
U34,IS32FL3237-TQLA3-TR,TQFP-48-1EP_7x7mm_P0.5mm_EP5x5mm,222.900000,-161.100000,90.000000,top
U35,IS32FL3237-TQLA3-TR,TQFP-48-1EP_7x7mm_P0.5mm_EP5x5mm,290.975000,-261.425000,90.000000,top
U36,IS32FL3237-TQLA3-TR,TQFP-48-1EP_7x7mm_P0.5mm_EP5x5mm,368.500000,-206.400000,180.000000,top
U37,IS32FL3237-TQLA3-TR,TQFP-48-1EP_7x7mm_P0.5mm_EP5x5mm,254.200000,-198.200000,270.000000,top
U38,IS32FL3237-TQLA3-TR,TQFP-48-1EP_7x7mm_P0.5mm_EP5x5mm,367.600000,-170.937500,270.000000,top
U39,TCA9544A,TSSOP-20_4.4x6.5mm_P0.65mm,224.800000,-214.600000,0.000000,top
U40,USBLC6-2SC6,SOT-23-6,254.600000,-113.800000,90,top
U41,IS32FL3237-TQLA3-TR,TQFP-48-1EP_7x7mm_P0.5mm_EP5x5mm,188.200000,-136.700000,0.000000,top
U42,MP2359DJ-LF-Z,SOT-23-6,317.700000,-115.300000,0.000000,top
U43,V2164D,SOIC-16_3.9x9.9mm_P1.27mm,375.675000,-91.950000,90.000000,top
U44,V2164D,SOIC-16_3.9x9.9mm_P1.27mm,344.275000,-91.950000,90.000000,top
U45,TL074,SOIC-14_3.9x8.7mm_P1.27mm,388.075000,-91.950000,0,top
U46,TL074,SOIC-14_3.9x8.7mm_P1.27mm,364.675000,-91.950000,0,top
U47,TL074,SOIC-14_3.9x8.7mm_P1.27mm,355.275000,-91.950000,0,top
U48,IS32FL3237-TQLA3-TR,TQFP-48-1EP_7x7mm_P0.5mm_EP5x5mm,210.180000,-264.690000,0.000000,top
U49,TCA9544A,TSSOP-20_4.4x6.5mm_P0.65mm,379.750000,-159.200000,0.000000,top
U50,DAC7678xPW,TSSOP-16_4.4x5mm_P0.65mm,335.050000,-91.900000,90.000000,top
U52,PCA9555PW,TSSOP-24_4.4x7.8mm_P0.65mm,321.000000,-269.000000,270,top
U53,PCA9555PW,TSSOP-24_4.4x7.8mm_P0.65mm,458.410000,-184.390000,180,top
U54,MP1541,TSOT-23-5,455.600000,-261.900000,180,top
U55,MCP4651,TSSOP-14_4.4x5mm_P0.65mm,330.300000,-260.800000,270,top
U56,MCP4651,TSSOP-14_4.4x5mm_P0.65mm,337.800000,-271.600000,270,top
Y1,16Mhz,Crystal_SMD_3225-4Pin_3.2x2.5mm,327.175000,-200.575000,270.000000,top